cout_prime,credit_card_number,credit_card_provider,credit_card_expire,freq_pmt
1100.77,180057966733794,JCB 15 digit,03/18,12
990.33,5335619559714581,Discover,11/19,12
1170.39,5251368069337257,VISA 16 digit,09/25,12
740.15,180043563212978,JCB 16 digit,04/24,1
1150.21,3158054304186795,Diners Club / Carte Blanche,09/26,12
700.22,30060280218882,JCB 16 digit,04/19,12
950.49,4490184466323,VISA 13 digit,04/24,12
960.39,6011478728900756,Maestro,12/26,12
1040.3,675933270323,VISA 16 digit,05/19,12
690.23,3088206816954723,JCB 15 digit,03/23,12
740.24,869916640660350,VISA 13 digit,06/25,12
911.0,348200855711724,JCB 16 digit,06/19,12
1080.68,4977333095532,JCB 16 digit,09/18,12
930.12,589325498188,JCB 15 digit,04/24,12
870.71,6011382469626937,Diners Club / Carte Blanche,08/19,12
640.98,373604155358664,Discover,03/22,12
1180.26,5342431810310089,Diners Club / Carte Blanche,05/18,12
780.02,561264674566,JCB 16 digit,09/18,1
930.12,3096608656008918,JCB 16 digit,07/18,12
710.01,5263738831078288,Maestro,06/22,12
910.26,4715837182327,Discover,03/19,12
1150.28,3337536868239683,JCB 16 digit,06/27,12
600.55,4495828969921,JCB 16 digit,11/18,1
620.72,589300772615,VISA 16 digit,04/20,12
850.59,6011859311346921,Discover,10/21,12
1030.75,5514746736787512,VISA 16 digit,01/22,12
720.79,5461539021344294,American Express,05/19,12
940.75,342423841862437,VISA 13 digit,01/20,12
820.03,4360908980047922,Discover,04/21,12
870.33,869937381701781,JCB 16 digit,02/19,12
680.56,180075604982516,JCB 16 digit,11/20,12
1100.79,376819799544126,Maestro,10/25,12
730.6,340361215643649,VISA 16 digit,07/18,1
840.96,180038196349262,JCB 16 digit,01/19,12
640.03,561274375774,VISA 16 digit,11/19,12
960.12,6011084698495833,American Express,02/24,1
1200.26,4026325605054,VISA 16 digit,07/24,12
860.93,6011576786047228,Maestro,12/18,12
1190.98,30252095462868,American Express,01/23,12
680.81,4279482877596656,Mastercard,07/22,12
600.16,30167754200260,Discover,06/20,12
870.65,869956252699023,VISA 16 digit,05/18,1
950.98,375777350010096,JCB 16 digit,09/19,12
1100.3,5166315602251283,VISA 16 digit,06/18,12
810.44,4993523989111,Mastercard,10/18,12
1150.91,6011739217356812,JCB 16 digit,03/19,12
950.01,4854530984952866,Mastercard,02/25,12
890.04,4520899552074385,Diners Club / Carte Blanche,12/19,12
850.27,3088452923191706,VISA 16 digit,08/22,12
1150.06,6011836202710134,VISA 13 digit,12/21,12
910.9,378795874438749,VISA 13 digit,03/20,12
1050.11,4628610805157781,VISA 16 digit,02/18,12
990.55,5333526409405934,American Express,06/19,12
1050.79,5136281105893194,VISA 16 digit,08/19,12
680.4,3112447708105657,Discover,05/18,12
900.89,3088080254009989,Discover,05/19,12
810.95,373431177725807,JCB 15 digit,10/22,12
1100.88,6011905868629720,JCB 16 digit,08/18,12
960.59,4397421594061781,Diners Club / Carte Blanche,11/18,12
820.99,3088313485202127,VISA 16 digit,06/22,12
840.87,30205926309963,Maestro,04/19,12
610.19,869969079433542,Voyager,01/18,12
1020.73,4316053398594135,Diners Club / Carte Blanche,05/20,12
950.55,210050175913731,VISA 16 digit,09/18,12
1090.34,501876645190,VISA 13 digit,04/18,1
960.76,869991128568052,Diners Club / Carte Blanche,01/18,12
620.7,210067751791208,VISA 16 digit,01/24,12
1020.42,3528270687327995,VISA 16 digit,04/21,12
720.67,869917945543796,VISA 16 digit,01/21,12
690.82,869948670185941,Mastercard,10/19,12
780.81,375310253278113,JCB 16 digit,03/22,12
790.87,5337715499839427,VISA 13 digit,07/24,12
1030.09,4179186412950879,VISA 16 digit,08/20,1
1020.85,347205793564938,JCB 16 digit,11/21,12
1130.6,4510773420736,Discover,08/18,12
1140.14,348312027550110,Voyager,08/24,12
610.15,3112673103848829,Discover,03/22,12
750.18,630497737613,Maestro,11/18,12
610.82,3158254803852042,Maestro,09/25,12
1160.32,4944001044524659,VISA 13 digit,05/19,1
770.64,4473304315620,Mastercard,01/18,12
1010.3,676351551962,JCB 16 digit,03/22,12
820.68,3337822302772038,JCB 16 digit,09/18,12
880.51,30044295616652,JCB 16 digit,01/23,12
990.57,869996460777997,American Express,09/18,1
1150.17,6011166388547088,Discover,04/18,12
670.83,5171038109063661,Mastercard,06/19,12
1060.32,4855724241744245,JCB 16 digit,03/19,12
940.94,4906011448946867,VISA 16 digit,07/19,1
1200.36,4692785963639472,Maestro,05/20,12
1160.55,6011421604267965,VISA 13 digit,03/20,12
1010.55,3112411032898155,Discover,05/19,1
700.76,210014653211299,Maestro,06/21,12
880.56,4658336415501,JCB 16 digit,09/19,12
1150.44,3096417517760646,JCB 16 digit,09/18,12
870.48,4159679491161826,VISA 13 digit,01/25,12
1160.34,343828660881780,VISA 16 digit,06/18,12
970.58,378300611654094,VISA 16 digit,09/18,12
600.16,6011220438216184,Voyager,09/20,1
670.93,3158183716012396,American Express,11/20,12
760.51,3337223264576774,JCB 16 digit,04/18,12
630.88,5247062847040310,Discover,08/22,12
770.2,4265283489487,American Express,05/18,1
870.71,4054178908554794,VISA 16 digit,02/20,1
1090.41,5249714009721222,JCB 16 digit,12/21,12
900.78,3528027768456337,JCB 16 digit,07/18,1
660.65,5363306444680558,Discover,12/22,12
1170.69,345965755911334,Mastercard,07/18,12
990.2,869901261259526,JCB 16 digit,05/18,1
1120.26,4186474028055072,Mastercard,09/18,12
860.41,348077971299788,JCB 15 digit,06/19,12
710.32,676216600210,Discover,10/18,12
800.57,4973450168665,Voyager,12/18,1
810.98,210031501047014,JCB 16 digit,06/21,12
830.26,4074070783697382,JCB 15 digit,12/20,12
970.64,676128862478,JCB 16 digit,03/18,12
1190.48,3337290605197008,VISA 13 digit,01/19,12
600.29,4200452682463,Discover,01/26,1
640.76,3158735786890769,Maestro,03/18,12
830.92,5363839672031722,JCB 16 digit,03/21,12
900.42,869946543541316,JCB 15 digit,03/22,12
910.49,3158206702500262,Diners Club / Carte Blanche,03/18,12
1050.62,869925638494508,Diners Club / Carte Blanche,01/19,1
730.67,5201102552474850,Voyager,07/18,12
1060.25,30589151489339,Maestro,08/25,12
1200.46,4117320992713051,Voyager,01/20,12
800.08,5293883295985281,Discover,07/22,12
1070.38,869927106729472,JCB 16 digit,07/18,1
910.2,869989619164985,VISA 16 digit,11/20,12
1090.71,3112276738506521,Discover,01/19,1
650.76,4599656668637687,Maestro,02/22,1
1140.86,6011844847683104,VISA 13 digit,02/20,12
1130.34,3096920469334377,Voyager,10/20,12
1080.03,347673844966412,American Express,01/24,12
930.65,5221647788091643,Maestro,07/21,12
1200.52,4754163524688294,Mastercard,02/21,12
1150.88,4914197797722718,VISA 13 digit,11/25,12
790.64,6011680191319204,Voyager,12/21,12
1200.68,6011634752797621,VISA 16 digit,05/24,12
840.25,6011477950851190,Voyager,11/21,1
1130.75,3158736761304628,VISA 13 digit,06/20,12
1110.08,6011657302300802,Discover,04/21,1
1100.17,30226685439452,VISA 16 digit,06/18,1
1000.24,4073943927577,Discover,03/20,1
620.51,869955517389586,American Express,06/18,12
740.27,5479143550205578,VISA 13 digit,11/18,12
950.29,6011915361821229,Voyager,10/18,12
1140.53,3337847862132455,JCB 16 digit,05/22,12
870.43,3158924719683174,VISA 13 digit,11/21,1
650.13,3096634705951122,JCB 15 digit,03/18,1
640.84,30069496721738,VISA 16 digit,08/19,12
660.24,3528060047134342,American Express,09/20,1
840.69,4467870707870725,Voyager,03/18,12
1170.51,3158807292733047,American Express,05/19,1
1050.76,3112096227408652,American Express,06/18,12
1180.06,30234042253111,VISA 13 digit,05/20,1
1090.19,4491370459353,JCB 16 digit,02/20,12
1080.41,4626343414435594,JCB 15 digit,01/19,12
1070.24,4949629177828417,Diners Club / Carte Blanche,11/18,12
790.19,4371876465387,American Express,10/18,12
890.23,5336498529653875,Maestro,08/18,12
640.03,675976319557,VISA 16 digit,05/22,12
1060.88,4615973770798491,VISA 16 digit,02/19,12
1190.71,180004649777871,American Express,12/19,12
940.42,4912058265328770,JCB 16 digit,11/18,1
950.44,3528487743409324,VISA 16 digit,07/18,12
1040.57,5116443903001727,Discover,01/22,12
940.01,4827958123389589,Mastercard,02/20,1
650.58,370701497519657,Mastercard,12/18,12
970.7,5197832531513305,Discover,01/22,12
910.92,30570537794360,VISA 13 digit,04/19,12
870.12,4939502253102,JCB 15 digit,06/18,12
920.21,4083110997950786,JCB 16 digit,06/20,12
740.69,341394262726800,VISA 16 digit,12/21,12
800.72,30178551132291,Mastercard,07/18,1
1200.33,210007281684382,Mastercard,10/20,12
1070.77,676299667425,JCB 15 digit,07/21,12
1070.42,4874263853724986,JCB 15 digit,04/24,12
1130.55,347019451857306,VISA 16 digit,10/20,1
920.97,180091630519594,VISA 16 digit,01/21,12
640.93,4909659565178842,JCB 15 digit,12/23,12
1200.62,676174495496,JCB 16 digit,03/21,12
1190.76,342618357130653,Mastercard,06/22,1
1020.01,4917434338680007,VISA 16 digit,05/19,1
1060.69,4239670335207,Diners Club / Carte Blanche,07/18,12
760.2,375693986357480,VISA 16 digit,03/20,12
660.51,3337762712728057,American Express,08/22,12
1070.02,4433012862941,JCB 15 digit,01/23,1
600.31,4758831627800869,Maestro,10/18,12
810.86,3112296641289049,Mastercard,11/18,12
880.81,869948160711123,VISA 16 digit,10/21,12
1070.44,371964539873537,VISA 16 digit,01/22,12
740.06,869947132484470,Discover,05/19,12
880.92,30261940685623,JCB 15 digit,09/19,1
870.38,30529598491472,JCB 15 digit,03/21,12
680.96,4105139765329307,Voyager,11/20,12
970.65,376434944111118,VISA 16 digit,04/20,1
840.11,6011612375875370,Discover,05/20,12
1110.75,4535184032295360,Mastercard,12/20,12
1110.92,6011763017023182,Maestro,06/18,12
740.48,5376774857697655,VISA 16 digit,06/19,1
1140.97,6011641735470432,Mastercard,12/18,12
620.87,6011660559791434,JCB 16 digit,09/20,1
1090.39,4382401703794842,Mastercard,06/18,1
1050.74,4391029492506033,JCB 15 digit,11/18,12
1150.91,210048353521508,Voyager,04/22,1
700.71,3088007767494093,VISA 16 digit,02/27,12
1020.82,3112176599062897,VISA 13 digit,10/20,12
1110.6,4859934306462684,VISA 16 digit,12/18,12
800.21,3158281280905035,VISA 13 digit,10/25,12
1090.14,180060465385157,VISA 16 digit,05/18,12
800.75,4678221662635601,Discover,08/22,12
850.41,3096191588235388,JCB 15 digit,05/18,12
730.47,4344537130344,Mastercard,04/21,12
1060.58,869942924724233,Voyager,11/18,1
730.42,4695138088024690,Discover,07/25,1
640.96,3158809234173100,JCB 16 digit,01/21,12
1011.0,341669575961388,Maestro,01/18,12
740.78,4643185975227,JCB 15 digit,12/21,12
800.9,4322950273585,Diners Club / Carte Blanche,07/22,1
1200.12,5533573081835580,American Express,08/22,12
1160.24,4769415929068370,Discover,12/18,12
1080.37,503802280977,Maestro,11/18,12
710.92,639025334264,Diners Club / Carte Blanche,03/19,12
910.74,5538189665165131,Maestro,01/24,12
600.18,4048388705811797,VISA 13 digit,07/24,1
1050.21,180022304792563,VISA 13 digit,05/21,12
870.38,4095979568666112,VISA 13 digit,12/19,12
1120.82,6011039569232095,JCB 16 digit,05/20,12
960.3,371708107759580,American Express,11/23,12
1150.34,30219678214156,VISA 16 digit,08/19,12
1170.08,3088543380550259,JCB 16 digit,10/22,1
930.02,372780553730158,JCB 16 digit,09/23,12
600.13,210032153591945,VISA 16 digit,04/20,1
820.41,3158332428888318,Mastercard,06/18,12
750.25,869974022425751,American Express,10/18,1
1200.63,561218908334,Mastercard,09/20,12
900.16,340854119712478,VISA 16 digit,12/25,12
1150.63,561236960176,JCB 15 digit,12/21,1
650.94,4628853678278,VISA 13 digit,03/18,12
980.94,5558642587962808,VISA 13 digit,04/22,12
1020.75,6011816279046109,Diners Club / Carte Blanche,01/21,1
940.41,4913819750100,JCB 16 digit,07/19,12
1160.85,6011896457251333,Mastercard,04/21,12
970.41,5182300539822422,Voyager,06/18,12
810.99,6011109192143678,VISA 16 digit,02/18,12
910.87,5198956821361197,Voyager,03/18,1
1120.69,4340548374059458,JCB 16 digit,10/19,12
640.78,210065414774025,Discover,02/20,12
910.23,210078188674776,Voyager,12/20,12
740.03,5187113687390125,Discover,12/21,12
640.92,5315751999966754,JCB 15 digit,09/24,12
670.38,4342474528637,JCB 15 digit,08/22,12
680.33,5120506309781425,American Express,05/18,12
1110.04,4159919763623,JCB 16 digit,05/19,12
1050.34,4029040214640,Diners Club / Carte Blanche,03/23,12
780.44,5357432303988490,VISA 13 digit,08/20,12
740.86,5276508804046843,JCB 16 digit,05/18,12
740.47,4755517812897157,VISA 16 digit,08/19,12
1090.1,4532611857505328,Diners Club / Carte Blanche,01/19,1
960.03,5171853787779051,VISA 16 digit,04/19,12
870.51,30035032661209,Voyager,04/21,12
1070.63,4381867131563945,American Express,08/21,1
800.62,3112440808974171,JCB 16 digit,09/19,12
1050.94,342983643192481,VISA 16 digit,11/20,12
1130.45,372136318362979,JCB 16 digit,11/24,12
770.67,5493833659962275,Voyager,10/27,12
830.42,589329537791,Diners Club / Carte Blanche,03/20,12
990.07,4039658516331271,VISA 13 digit,05/18,12
700.4,210031055282975,JCB 15 digit,12/24,12
980.96,675962701891,Voyager,12/26,12
1090.65,6011082729751075,JCB 16 digit,06/18,12
690.47,060490687567,Diners Club / Carte Blanche,12/21,1
880.46,30399189684384,Diners Club / Carte Blanche,11/18,1
1110.42,4150742508486120,Diners Club / Carte Blanche,02/19,12
660.8,30238201873429,Mastercard,12/18,12
890.88,30357720743317,Voyager,01/18,1
1170.22,869923324661605,JCB 15 digit,04/18,12
1170.64,869970265834873,Discover,09/18,12
660.87,378296377299886,Mastercard,08/26,12
1020.08,4092548092348,VISA 16 digit,11/18,12
980.53,210015349509731,JCB 15 digit,02/19,1
800.33,869989252250166,Discover,12/19,12
600.18,4599717343559,VISA 16 digit,05/19,12
1100.48,30599190560834,Diners Club / Carte Blanche,07/19,12
860.4,869943375461044,JCB 16 digit,06/24,12
820.5,4976632563547,JCB 16 digit,04/18,1
1100.29,4996327430307,Diners Club / Carte Blanche,06/18,12
1120.8,4425189275964,VISA 16 digit,11/22,12
1180.42,6011800576811415,JCB 16 digit,02/19,1
1060.38,3158323083718502,JCB 16 digit,01/18,12
1160.21,6011838567387284,VISA 13 digit,12/24,12
870.16,869983021168395,Maestro,01/21,1
860.83,4282477345359,VISA 13 digit,01/22,12
930.12,3528104190316304,Maestro,10/18,1
780.99,3337515694370789,VISA 16 digit,01/19,12
750.98,180003053231664,JCB 16 digit,09/18,12
850.9,371738440247563,Maestro,07/25,1
830.56,3096692713285495,American Express,06/19,12
860.92,5202347925180358,Voyager,05/20,12
940.11,3088122834323694,Diners Club / Carte Blanche,12/22,12
850.38,6011968955854742,VISA 13 digit,11/18,12
920.31,5496810728503584,Mastercard,10/18,12
1080.75,869904823751626,VISA 16 digit,04/22,12
1010.35,6011879876826596,Discover,12/18,12
840.53,4987382815276531,Mastercard,08/18,12
1110.51,3528448273706158,VISA 16 digit,08/18,12
1181.0,180070226380363,Mastercard,10/26,12
790.74,5289676072918046,Diners Club / Carte Blanche,09/20,12
930.77,4258325752943581,Voyager,10/22,12
1150.57,6011075496705720,Diners Club / Carte Blanche,11/25,12
940.45,30287131226133,VISA 16 digit,05/22,12
830.98,869940191235024,Maestro,09/18,12
1160.59,869957887118306,Voyager,02/22,1
820.97,210095072212729,American Express,11/18,12
800.84,676289920651,VISA 16 digit,11/25,1
1090.52,210075847628334,Voyager,01/19,12
900.96,4124508658617670,Diners Club / Carte Blanche,02/22,1
750.84,869914515092007,Mastercard,07/20,1
860.75,210093701581192,JCB 15 digit,04/18,12
731.0,675991271973,JCB 16 digit,06/20,12
790.7,210094205930075,Voyager,06/18,12
630.61,6011376919224947,JCB 16 digit,01/26,12
990.93,869940884387835,JCB 16 digit,09/21,12
920.8,6011914585788702,JCB 16 digit,02/18,1
1060.63,869904574800994,JCB 15 digit,05/23,1
910.22,3088228061103400,VISA 16 digit,04/18,12
810.7,5325772672306728,Discover,09/23,12
1180.04,4852163400066350,Discover,12/18,12
730.67,4320185865241,VISA 16 digit,07/19,12
1140.9,4889649962035053,VISA 13 digit,05/24,12
1040.26,4324733869770385,Diners Club / Carte Blanche,02/25,12
920.33,3096805134699041,JCB 15 digit,03/23,1
650.95,180012244970072,Diners Club / Carte Blanche,01/20,12
860.38,639061835398,Discover,03/18,12
1000.59,501887891015,JCB 15 digit,05/20,12
820.08,349363170374476,VISA 13 digit,01/18,12
780.03,4518383607212,Maestro,03/25,1
1180.69,869957255407174,Maestro,04/18,12
1000.58,348747073813781,JCB 16 digit,11/18,12
680.23,4292324836402258,VISA 16 digit,02/18,1
650.01,346344354631553,VISA 16 digit,09/19,12
850.89,503851145147,VISA 13 digit,12/22,12
1020.95,5407358629005430,Maestro,07/18,12
1150.4,344563403774625,Mastercard,03/23,12
1160.44,4059740338157582,Voyager,08/25,12
1090.71,180072150014380,VISA 13 digit,03/18,1
1050.64,869942872422814,Voyager,10/20,12
980.36,3096738009987938,Diners Club / Carte Blanche,08/19,12
610.14,3096067337484057,Discover,08/19,12
1110.1,4706618284229372,American Express,04/18,12
770.83,5299480489685332,American Express,05/20,12
860.14,3088658821886243,JCB 16 digit,04/21,12
980.96,6011218581353044,Voyager,12/18,12
930.63,30055932250325,JCB 16 digit,04/19,12
730.46,869973710899004,VISA 16 digit,03/18,1
1100.01,4083971645140,Discover,03/19,12
870.79,3528890889147576,JCB 16 digit,12/21,1
870.61,6011976982993235,Mastercard,01/19,12
1160.2,4713321845161520,Diners Club / Carte Blanche,12/22,12
810.1,676270732214,Mastercard,06/18,12
1040.42,5303142323839236,VISA 13 digit,11/22,12
600.07,3528172358529372,Discover,12/18,12
1010.72,6011174768636919,VISA 16 digit,12/25,12
660.99,4961370796756,Mastercard,03/20,12
940.32,4199277893611985,Voyager,08/20,12
1010.92,4095826013068,American Express,01/19,12
1070.79,4157522414131702,Voyager,08/18,1
890.62,210056899974206,VISA 16 digit,01/22,12
650.14,210089301044136,JCB 15 digit,10/19,1
1190.11,210039616843318,Maestro,03/19,12
720.63,4549571845868,JCB 16 digit,07/24,12
720.92,4311483758700490,Diners Club / Carte Blanche,02/24,12
960.4,348445213674490,Voyager,03/18,12
1080.45,4509977095724,American Express,12/22,1
880.11,180042111736017,Discover,03/22,1
940.17,4948772328106,Voyager,01/23,12
670.93,5277388527509966,VISA 16 digit,01/23,12
950.26,375623882189117,VISA 13 digit,01/19,12
700.46,346383090670723,VISA 13 digit,09/20,12
1110.88,180002411937954,JCB 16 digit,11/19,12
790.68,30257618926547,JCB 16 digit,03/18,1
1000.89,676150222278,American Express,12/21,12
1110.8,341807197130699,VISA 13 digit,04/22,1
690.04,676367677744,VISA 13 digit,04/21,12
630.54,30259462246170,American Express,10/22,12
1090.59,869931113410712,JCB 15 digit,04/18,1
880.36,3337509902423134,American Express,03/24,12
710.05,501870244479,JCB 16 digit,07/25,12
1090.96,3112370797364219,Discover,03/23,12
1050.44,6011336772740298,Voyager,10/19,12
1170.32,501828452109,VISA 16 digit,07/18,12
1100.78,3528198038564497,JCB 16 digit,07/19,12
870.42,676284455836,Discover,10/18,12
1140.72,210014175635926,American Express,03/18,12
600.6,210018763439401,Maestro,01/21,12
1180.08,6011120882187875,JCB 16 digit,06/20,12
1120.76,5352815349905715,Mastercard,10/23,12
1190.2,4941733409839826,Discover,01/23,12
770.65,3088741856148232,Voyager,06/20,1
690.64,3096386690630688,VISA 13 digit,12/20,12
930.97,4958698018377825,VISA 16 digit,06/24,12
1060.41,4623090612784,VISA 16 digit,07/18,12
840.83,3337409824607577,Discover,08/20,12
730.67,3112794614402789,JCB 16 digit,11/20,12
680.32,5434732463570781,Voyager,06/19,12
890.51,4335974062028653,JCB 16 digit,12/22,12
880.61,4673818076705337,Discover,01/22,12
740.1,30049256833402,JCB 16 digit,02/21,12
690.14,676103179351,Diners Club / Carte Blanche,05/19,12
1200.45,4034106496404,American Express,05/18,12
1130.07,676316963674,Voyager,10/20,12
1110.65,210031896642809,JCB 16 digit,10/18,12
860.86,4048400453389478,American Express,12/21,12
970.64,30100395704481,JCB 16 digit,10/18,12
1040.96,3088832551843274,Maestro,02/21,1
970.85,561210438975,Diners Club / Carte Blanche,04/24,12
800.83,4702067818705,Mastercard,10/20,12
620.13,4044636513984220,Discover,01/18,12
670.58,376173600368659,Voyager,02/23,1
1130.15,6011730222966125,Discover,03/20,12
1050.56,345622915037829,Voyager,06/21,1
1020.18,869977498391621,American Express,03/21,12
780.41,377062134100598,JCB 15 digit,01/24,12
620.06,210045165678773,Discover,12/18,12
600.16,869906521060234,Maestro,03/21,12
1190.47,4614302287481,Mastercard,05/23,12
670.95,210072411967628,Voyager,11/22,1
630.2,4542164748106615,JCB 16 digit,09/18,12
1090.46,869957168673565,Diners Club / Carte Blanche,01/19,12
690.12,3158889896873189,Maestro,03/22,12
800.61,6011128656900365,JCB 15 digit,03/21,12
780.96,4753600372482917,Discover,08/23,12
1180.83,345463102202847,Mastercard,06/26,12
930.34,6011181076188764,Diners Club / Carte Blanche,04/25,12
760.66,376765367672098,American Express,04/18,12
1050.44,4424629934363,Discover,10/18,12
1060.36,3158501731483054,VISA 13 digit,05/25,12
690.64,5102527736326800,VISA 16 digit,05/19,1
990.89,5562674224361734,VISA 13 digit,11/23,12
760.67,4855131407564,VISA 13 digit,01/21,12
1110.73,210003066676842,VISA 13 digit,10/22,12
1200.58,4743552896245820,Maestro,09/20,1
600.05,4187266869370,American Express,11/23,12
1050.2,180000873993127,Voyager,08/18,1
850.84,30550886253762,American Express,08/18,12
980.79,3337338891452700,Voyager,07/19,12
1070.7,30430107787288,Mastercard,06/18,1
870.34,3112700152321497,Mastercard,08/20,1
610.57,30449365705246,Voyager,05/18,12
670.66,4364401662256116,VISA 16 digit,12/19,1
890.89,3096084761583478,Diners Club / Carte Blanche,12/21,12
900.68,3088291649424615,JCB 16 digit,07/18,12
910.72,5102753808039523,JCB 15 digit,07/23,1
890.12,6011996601006144,VISA 13 digit,09/23,12
780.91,6011641168789308,Diners Club / Carte Blanche,02/18,12
1170.46,6011466010894159,Discover,08/19,12
1170.16,210073507859711,VISA 13 digit,07/24,12
1000.74,3528427843167943,Discover,07/21,12
870.65,30512300324421,VISA 16 digit,07/19,12
660.68,869939600041296,Mastercard,10/21,12
790.15,374740635850166,Maestro,02/18,12
790.24,180027209379093,VISA 16 digit,08/18,12
920.68,4439787365481,JCB 15 digit,10/18,12
1200.8,4615902802374682,JCB 16 digit,05/21,12
1110.35,30441678503582,JCB 16 digit,12/19,12
1150.91,4849614652856597,Diners Club / Carte Blanche,05/18,12
600.41,6011064790592208,American Express,04/20,12
680.26,4179246156853,Voyager,09/24,12
1150.47,6011491407155063,JCB 16 digit,12/21,12
980.7,3528284013914947,VISA 16 digit,09/24,12
1120.43,676167080107,Diners Club / Carte Blanche,10/23,12
1100.09,3528899045527753,JCB 16 digit,05/18,12
810.39,4374217236641239,JCB 15 digit,09/20,12
1120.83,4213941041166422,VISA 13 digit,04/18,1
930.82,4836768364039,JCB 16 digit,11/20,12
1030.72,502005469361,Diners Club / Carte Blanche,09/21,12
1050.41,4258371450198227,JCB 16 digit,02/19,12
660.89,6011281758151112,Maestro,09/22,12
1090.43,378114873555646,Diners Club / Carte Blanche,02/18,12
1080.47,5147473272657026,Discover,05/20,12
730.58,379979138568116,VISA 13 digit,07/22,12
850.88,6011890836726586,JCB 16 digit,02/25,12
1180.37,30539917172182,VISA 16 digit,03/24,12
1080.87,180060335120669,Maestro,02/18,12
1190.35,3337654604950669,VISA 16 digit,04/18,12
680.41,4229835601270271,VISA 16 digit,01/19,12
1150.68,4113369769787982,Discover,04/21,1
920.53,676277704323,Diners Club / Carte Blanche,07/18,12
820.64,3158717662768194,Discover,10/23,12
1170.89,30271186126430,Maestro,05/20,1
880.31,6011464163004734,Discover,10/22,1
700.96,4069981918874,Voyager,11/21,12
830.51,3337397152970891,VISA 16 digit,12/20,12
1120.69,5197965457732499,JCB 16 digit,01/23,12
810.1,4841365748493,Voyager,03/18,12
820.39,4500030122092,VISA 16 digit,07/22,12
1030.78,5113844743471744,JCB 15 digit,06/18,12
760.25,4268938484410444,Mastercard,11/27,12
1190.05,5201897976149166,JCB 15 digit,01/26,12
780.74,379836091881367,Discover,02/18,12
900.92,341750903111621,VISA 13 digit,11/20,12
600.3,4310451713921247,Discover,10/19,12
790.19,869947346373360,American Express,01/21,12
1070.91,30299503423826,Diners Club / Carte Blanche,02/22,12
710.11,4119318542444209,VISA 16 digit,08/21,1
790.28,4370662057853,VISA 16 digit,05/21,1
1040.16,4379814990800996,VISA 16 digit,04/18,12
670.93,3088708473502919,Discover,12/21,12
1140.84,30063269517332,Discover,06/20,1
920.3,503891874136,VISA 13 digit,01/22,12
860.66,4916219356712035,Voyager,07/19,12
760.29,3158687927132470,JCB 15 digit,03/21,12
940.3,5406153337613539,American Express,12/23,12
1070.16,5408343704082420,VISA 16 digit,05/19,1
1150.13,3096873950689041,VISA 16 digit,03/18,12
690.45,4670533715548872,VISA 16 digit,11/27,12
820.23,30593875373852,VISA 16 digit,11/24,12
660.14,4370656033800502,Discover,03/27,12
640.71,639030281237,American Express,06/19,12
610.3,4231818798413934,Maestro,01/24,1
1160.81,4215071448617,JCB 15 digit,08/22,1
1020.16,3096089873911749,Discover,02/18,12
930.37,376652019922040,Mastercard,12/20,1
1000.76,869904641624526,Maestro,01/18,12
1070.13,3158463652436126,VISA 16 digit,01/19,12
810.4,4887489333985,VISA 13 digit,07/18,12
910.48,4136390186634709,Maestro,11/18,12
1030.8,589306488869,JCB 15 digit,02/21,1
1120.62,4637923318450,JCB 16 digit,05/26,12
630.18,30492523230699,JCB 15 digit,03/23,12
860.15,6011981579639555,Voyager,12/19,12
950.98,4190105840429939,JCB 15 digit,08/20,12
1070.09,30407572352111,American Express,03/23,12
1010.55,180014624890201,Discover,12/23,12
1200.44,4063665362929198,Voyager,12/19,1
910.27,4437687194217,Diners Club / Carte Blanche,11/21,12
1070.65,180073480839363,Diners Club / Carte Blanche,01/20,12
870.15,6011432453040882,VISA 16 digit,08/23,12
630.15,4682162770828429,Maestro,08/22,12
830.24,4206803283123439,JCB 16 digit,02/19,12
670.35,869994450137322,VISA 16 digit,12/18,12
750.84,30432199609750,Voyager,11/21,12
900.44,3158605430256412,Maestro,02/19,12
840.48,6011574476467004,VISA 13 digit,07/19,12
740.22,210040197394341,VISA 16 digit,11/27,12
900.4,3112806424616828,Voyager,03/18,1
710.2,4945717450316889,Mastercard,12/18,12
720.19,4236113683003,Maestro,09/18,12
1090.34,3158550193655600,JCB 15 digit,04/18,12
1200.57,561265388125,VISA 13 digit,02/23,12
870.04,5196568631208393,Voyager,08/21,1
820.05,4803001350021233,Mastercard,11/19,12
890.35,4699472810939008,Diners Club / Carte Blanche,01/20,12
780.34,378544845130369,Voyager,05/22,1
1130.7,6011977009851380,American Express,12/20,12
990.54,4903869143751376,Maestro,11/20,12
710.46,4295183790288,JCB 16 digit,09/19,1
720.94,5107781149349777,Diners Club / Carte Blanche,04/18,12
600.09,630470664347,VISA 16 digit,07/18,12
620.26,4012927371873,Discover,06/19,12
1000.06,3337696041035687,JCB 16 digit,11/23,12
1190.91,4526154472211,JCB 16 digit,04/18,12
1090.25,3158453920799744,JCB 15 digit,09/25,12
1190.21,210060416388825,VISA 16 digit,04/18,12
970.96,345359393093830,JCB 16 digit,10/18,12
960.37,5593430900055147,Voyager,02/21,1
860.64,502023401883,Diners Club / Carte Blanche,07/19,12
770.98,4386626043092145,Voyager,10/20,12
600.25,5195611350348718,VISA 16 digit,04/19,12
1100.18,4261710601947179,Maestro,02/22,1
1120.34,5510656215203044,Discover,06/18,12
1190.92,30449443427631,Voyager,03/24,12
750.69,4720085557360,VISA 13 digit,06/20,12
670.98,5469385969636404,American Express,08/18,1
700.19,346052100278120,JCB 16 digit,03/24,12
720.36,4652768653069,Mastercard,12/19,12
800.56,630453640827,Diners Club / Carte Blanche,03/25,12
780.7,6011033775827319,VISA 16 digit,09/19,12
970.5,375729843646663,Discover,11/22,12
730.57,6011430850389860,Discover,09/18,12
1170.11,372709249218047,VISA 13 digit,11/18,12
1090.33,349242661017986,Maestro,04/20,12
960.47,4886200945912977,Discover,11/18,12
760.45,4897064539653448,JCB 16 digit,10/20,12
680.93,4808496279383,VISA 16 digit,08/19,12
690.49,3337295416648784,JCB 16 digit,08/19,1
740.68,4465656211688,VISA 16 digit,07/20,12
831.0,4208558236307780,JCB 15 digit,10/19,12
1110.43,30490891418128,JCB 16 digit,09/19,12
1200.41,869935333821749,American Express,05/23,1
950.78,30120720918002,JCB 16 digit,07/19,1
850.27,4574610127532,Mastercard,11/19,12
1000.49,377769472255756,JCB 16 digit,01/18,12
970.55,630432901563,VISA 13 digit,01/19,12
1170.46,180031428800368,JCB 16 digit,12/20,1
980.78,4783421711108731,Voyager,01/19,12
1190.82,4447981582934,Mastercard,07/21,1
800.95,4165408024770040,JCB 16 digit,10/23,12
1110.75,6011238980725659,VISA 16 digit,03/21,12
840.58,4440032403945,Diners Club / Carte Blanche,01/23,1
1140.13,5501279471860661,Mastercard,11/19,12
1100.89,4335918971710,VISA 16 digit,07/19,12
1020.74,4956091195453050,JCB 16 digit,03/24,12
870.43,4198697422110715,American Express,11/23,12
1040.62,371056967142368,VISA 13 digit,06/22,12
1090.71,5451964308837194,Mastercard,06/21,1
840.09,6011573112015490,Diners Club / Carte Blanche,11/18,12
870.05,6011163645899113,Diners Club / Carte Blanche,02/22,1
950.25,4423100007988,Diners Club / Carte Blanche,01/24,12
880.77,30204613579996,JCB 16 digit,03/19,12
900.16,4119751324470,JCB 15 digit,12/21,12
1170.06,4359086449482973,Mastercard,06/19,12
770.07,30495422157178,JCB 16 digit,09/22,12
1200.13,5390006803403157,Voyager,05/25,12
740.07,4625667559208114,VISA 16 digit,11/19,12
1090.85,3528127551920141,VISA 13 digit,02/18,12
1000.91,4124467106419,VISA 16 digit,08/19,12
900.04,3112255078203337,American Express,09/19,12
670.01,30470705918737,VISA 16 digit,01/18,12
870.14,5306292673786771,Voyager,10/18,1
790.53,4090413686803303,Discover,02/23,12
1200.37,3158717642252152,JCB 16 digit,05/20,12
1110.22,3158295582366241,VISA 16 digit,10/21,12
860.89,4308703848185419,VISA 16 digit,02/18,12
650.6,502037445843,Maestro,09/20,12
1080.4,210029905021932,Diners Club / Carte Blanche,06/18,12
660.78,210058118456189,VISA 13 digit,08/22,1
710.33,5109400528210207,American Express,01/25,12
730.77,4669839768237039,Diners Club / Carte Blanche,05/27,12
610.37,4146111377993326,VISA 16 digit,03/19,1
720.18,4553262515428836,Maestro,06/18,12
830.78,4431838594322483,American Express,10/21,12
950.08,060480457088,JCB 16 digit,05/18,12
1060.33,347462779274384,JCB 15 digit,02/19,12
1040.54,348016677538404,Maestro,09/20,12
810.37,4843411429391,Diners Club / Carte Blanche,10/18,12
730.41,5107137419417184,Maestro,11/19,12
860.0,4559515525871681,Mastercard,07/19,12
1200.93,4664916527866871,Discover,08/23,1
1020.58,4547035427243678,VISA 16 digit,03/23,12
610.22,4132224640246392,Mastercard,03/18,12
740.64,4325383637112848,American Express,12/19,12
1090.02,180062489462970,VISA 16 digit,06/19,12
1050.47,5462378864201918,VISA 13 digit,09/25,12
770.64,6011523268999955,VISA 13 digit,05/20,12
760.01,3112173210229013,JCB 15 digit,07/19,1
1030.77,4289242305644405,JCB 15 digit,09/23,12
920.21,4371473886884859,VISA 16 digit,03/19,12
640.74,6011986527871614,VISA 16 digit,11/19,1
930.67,3337239944234543,VISA 16 digit,12/18,12
880.99,6011743566785803,JCB 16 digit,11/18,12
980.66,6011748290810124,JCB 15 digit,05/21,12
970.3,4894097998325382,Voyager,07/24,12
1090.76,3158770666592862,American Express,10/20,12
600.87,348069388478576,Diners Club / Carte Blanche,08/19,12
790.78,30268521373511,VISA 16 digit,05/20,12
980.24,676145553514,VISA 13 digit,05/21,12
850.71,30556932019065,VISA 13 digit,06/25,12
1040.91,6011387922288019,JCB 16 digit,05/18,12
780.45,3096450309661243,American Express,05/24,12
800.74,3337153850768438,Discover,09/18,12
840.63,639051533086,VISA 13 digit,04/21,12
860.14,3158768232649752,Maestro,10/20,12
740.91,3337213780419369,VISA 16 digit,09/20,12
920.81,3528852433832004,American Express,10/22,12
960.88,3112690118629598,VISA 13 digit,07/18,12
860.78,30298640353896,Discover,01/21,12
890.01,6011026082079772,JCB 16 digit,04/22,1
870.53,4590824503912,JCB 16 digit,02/19,12
920.12,869978434759129,JCB 15 digit,03/19,12
890.99,4336548949581859,American Express,09/18,12
710.31,4930303527618925,Discover,05/21,12
1000.04,4186632226717021,JCB 15 digit,08/19,12
790.26,4051212958556,JCB 16 digit,02/18,12
940.04,4534305114138,VISA 16 digit,11/25,12
910.88,4637040911726437,Discover,07/20,1
740.79,3096134902624051,VISA 13 digit,05/22,1
1060.39,210035997507456,Diners Club / Carte Blanche,05/18,12
1020.29,4320207959972494,Voyager,01/19,12
1110.4,561208828567,Maestro,12/19,12
780.63,5596133968512317,VISA 16 digit,04/23,12
730.44,4083126560510443,Voyager,01/19,12
630.67,3337627923699001,JCB 15 digit,12/21,1
850.79,4532161631623823,JCB 16 digit,02/18,12
1120.77,6011933119471635,Voyager,09/20,12
700.83,4659179700116,American Express,05/19,12
820.04,3096589857541388,JCB 16 digit,03/18,12
740.84,869991011317930,VISA 16 digit,08/18,12
760.33,4626648056503,VISA 13 digit,01/18,1
1060.25,4931634591422615,Mastercard,05/22,1
1020.69,30307552397419,JCB 16 digit,12/19,1
610.48,5195156135091878,Maestro,03/18,1
660.7,3096053750662338,JCB 16 digit,09/19,12
780.27,4883230203783,American Express,12/21,12
960.81,30079023593591,JCB 16 digit,12/21,12
850.19,4103636656942,Voyager,09/24,1
890.41,4403805991454,VISA 16 digit,09/19,12
1180.95,180070543773977,VISA 13 digit,12/18,12
650.94,561204601992,Diners Club / Carte Blanche,11/18,1
760.74,377518950928156,Voyager,09/24,12
1060.81,6011413069070950,Diners Club / Carte Blanche,01/18,12
950.43,869952078641026,VISA 13 digit,01/19,12
1160.94,869935941803857,Voyager,01/22,12
950.26,4508344432909,American Express,02/21,12
870.17,376148375756551,JCB 15 digit,04/18,12
890.85,30095436901346,American Express,12/22,12
660.46,869950978859417,JCB 16 digit,01/18,12
900.8,4787985221975,VISA 16 digit,04/18,12
780.12,30550325748265,American Express,06/18,12
610.35,3528857225950906,VISA 13 digit,08/18,12
800.27,4955773649315,JCB 15 digit,05/21,12
1120.53,4476226427785199,VISA 16 digit,08/18,12
1040.26,180031131501741,Voyager,02/18,12
930.91,3528294522725742,VISA 16 digit,01/18,12
700.64,3096575810945329,JCB 16 digit,09/25,12
800.08,4572961725606324,Maestro,01/22,12
600.85,561298267734,Maestro,08/27,12
980.06,502060366239,JCB 15 digit,11/22,12
1050.89,869977359133922,Diners Club / Carte Blanche,02/18,12
840.27,5378049085170447,VISA 16 digit,06/19,12
610.05,5536507830724668,JCB 16 digit,10/18,12
890.14,4937507073499075,Mastercard,03/18,12
1170.41,3096527980049275,VISA 13 digit,08/19,12
730.01,4872136749604368,VISA 13 digit,03/23,12
700.17,30493333902188,JCB 16 digit,12/22,12
980.31,4874632936096,Mastercard,01/20,12
690.16,5463028496158494,VISA 16 digit,08/19,12
1120.05,3528778763625827,JCB 16 digit,04/19,12
620.17,639093246135,American Express,04/23,12
950.96,4965265358128530,VISA 13 digit,12/20,12
760.31,6011403760564831,Discover,03/24,12
870.73,869920955926596,VISA 13 digit,05/19,1
1030.44,3096619206470524,VISA 16 digit,10/21,12
980.34,869941963554824,VISA 13 digit,01/18,12
800.95,4461130524192,Discover,10/20,12
630.26,630431778186,JCB 16 digit,09/20,12
880.55,4266680198545196,JCB 15 digit,12/27,1
820.09,4475499949019261,VISA 16 digit,05/19,12
800.26,210045227652519,VISA 13 digit,08/21,12
1100.92,869969955773573,VISA 16 digit,10/21,1
640.03,3528573111971860,VISA 16 digit,10/24,12
1150.78,4170455096051364,Maestro,05/18,12
980.74,6011783507109119,Voyager,02/18,12
1040.15,346557582621266,Maestro,06/22,12
820.37,4580166065820390,Mastercard,08/18,12
870.13,3528508819270611,Discover,04/20,12
990.42,30069745493386,JCB 16 digit,04/26,12
750.68,4978370218367,JCB 16 digit,02/23,12
890.43,4020250413981498,JCB 15 digit,10/18,12
1000.8,30228663446087,JCB 16 digit,12/21,1
1030.47,374318636257341,Voyager,09/21,12
800.15,3096654385954410,JCB 16 digit,12/24,12
860.58,4953390319317222,Mastercard,05/25,1
820.14,6011891274982897,American Express,10/19,12
1070.64,3088507603604839,VISA 13 digit,04/18,1
1030.3,4877576951900480,VISA 16 digit,11/21,12
930.04,180087474433868,Maestro,07/18,12
1200.8,4915286194795,VISA 16 digit,05/18,12
1000.19,210052287766627,VISA 16 digit,03/19,12
820.19,869905210524252,JCB 16 digit,03/23,1
690.22,060430418008,American Express,03/18,1
870.28,4437705707527080,VISA 16 digit,10/18,12
1170.96,4517365949957257,Mastercard,07/18,12
1060.4,4201458768651548,Maestro,01/20,1
980.59,6011935485096573,Discover,04/18,12
790.36,180091166778879,Maestro,01/21,12
910.76,343233797132803,VISA 16 digit,11/18,1
610.87,502016293297,JCB 16 digit,05/24,12
620.55,501886066569,Mastercard,12/22,12
1000.41,4635311976604583,VISA 16 digit,02/21,12
780.44,30418389714518,Voyager,07/19,1
710.3,4533357677240,Maestro,08/20,1
780.61,30299017036866,American Express,01/19,12
1010.81,3096702334892536,VISA 16 digit,01/26,12
1120.82,344572366612508,JCB 16 digit,03/18,12
1140.56,5391584053696943,Discover,01/18,12
940.3,869928390668210,Diners Club / Carte Blanche,09/18,12
880.97,3337206109968462,Diners Club / Carte Blanche,02/20,1
910.01,4342795227711,JCB 15 digit,07/18,12
860.46,060456975105,JCB 16 digit,08/21,12
660.51,210029156611415,Diners Club / Carte Blanche,04/20,12
870.55,372274721830835,Discover,07/18,1
750.34,4120820529271,Mastercard,04/18,12
880.96,869997420633619,Voyager,03/21,1
710.68,6011045309532652,VISA 16 digit,04/18,12
600.29,6011819677683937,Mastercard,06/21,12
640.28,4595840199716863,Mastercard,05/18,12
600.07,5532232271464427,Diners Club / Carte Blanche,12/18,1
1190.5,30015210227809,Discover,07/20,12
950.11,6011594611425709,Maestro,04/23,12
950.25,5468015570834350,JCB 16 digit,08/19,12
610.38,4139823636458334,JCB 16 digit,08/20,12
870.14,4433590188508955,JCB 16 digit,10/20,12
610.71,4666338788198803,Discover,03/22,12
670.35,4393820047095,JCB 16 digit,03/24,12
1040.05,3158269113861806,Discover,01/19,12
780.16,6011498545966129,American Express,01/25,12
710.21,3528476050438463,Discover,06/19,12
620.86,869930460602772,Diners Club / Carte Blanche,05/18,12
920.49,180064810655843,VISA 16 digit,09/20,12
850.53,4511798901583156,Diners Club / Carte Blanche,07/18,12
1000.3,180094127389307,JCB 16 digit,10/20,1
800.53,6011697901072170,Discover,12/18,1
1200.45,5439165486669048,Diners Club / Carte Blanche,08/26,12
810.03,344756211996915,JCB 15 digit,09/21,1
1150.88,4196940220661766,Mastercard,03/21,1
750.44,5342647794078182,JCB 15 digit,08/18,12
1010.35,376627009622255,VISA 16 digit,07/22,12
1070.69,3528730052585006,JCB 16 digit,08/22,12
1060.9,4836939981885,American Express,11/18,12
1070.31,639081022001,Maestro,06/18,12
790.6,4899046834574625,Voyager,12/19,12
820.59,4172422930472,VISA 16 digit,09/18,1
970.3,3528511502873881,VISA 16 digit,04/24,12
830.86,869926754407407,Voyager,09/18,1
1170.75,869920947320262,JCB 15 digit,04/26,12
880.61,3528620965656228,VISA 16 digit,12/18,1
910.81,3088424987290153,Mastercard,08/19,12
1170.93,30353173773083,JCB 16 digit,05/18,1
1090.65,340318321190212,VISA 13 digit,09/21,12
1070.6,3112036261786001,JCB 16 digit,11/22,12
940.78,210040696014671,Voyager,04/19,12
730.89,869934614493013,American Express,04/18,12
1030.39,869961491166446,Maestro,10/20,12
740.26,4104171049113,Diners Club / Carte Blanche,06/19,1
1000.21,349663202698234,American Express,01/20,12
791.0,375086218665780,VISA 16 digit,09/23,12
700.97,3096490001946880,Diners Club / Carte Blanche,07/18,12
1030.4,6011120659193494,Discover,12/22,12
890.21,869975442782663,Mastercard,04/24,12
1170.72,30327139611017,VISA 13 digit,12/18,12
670.63,4642179043752425,VISA 16 digit,05/18,1
890.72,374896832102627,JCB 16 digit,11/22,12
770.49,6011113254016285,VISA 13 digit,04/18,12
840.77,4070908676790059,American Express,02/19,12
690.27,869902084436507,Mastercard,11/18,12
1180.11,4759177835490,VISA 16 digit,08/20,12
1180.63,4020442950026833,American Express,03/23,12
850.92,869950963549924,Mastercard,08/21,12
1010.38,30261383957653,JCB 16 digit,08/18,12
1150.77,6011817290054726,VISA 13 digit,03/22,12
740.08,4201247249183647,VISA 13 digit,01/27,12
1100.95,377763311963811,JCB 15 digit,04/20,12
750.68,373896060160629,Discover,05/19,12
960.17,372654644837498,JCB 15 digit,10/22,12
790.06,501820312392,JCB 16 digit,02/23,12
800.68,4632039869227799,American Express,05/19,12
780.23,3112104441149720,Voyager,01/19,12
740.91,30371529150459,VISA 13 digit,02/18,1
710.57,4961490689428,JCB 16 digit,07/18,1
720.97,4428952133159838,JCB 16 digit,12/25,12
1070.03,4753963645494,Voyager,11/22,12
710.71,3112279432153913,JCB 16 digit,04/19,12
1010.08,869958705129699,Diners Club / Carte Blanche,04/19,12
850.13,676354309244,JCB 16 digit,07/22,1
860.74,3158326912923466,JCB 16 digit,08/19,12
640.14,4607259554856444,Maestro,05/24,12
1080.55,210058052242447,VISA 16 digit,03/25,12
1190.79,561214326770,Diners Club / Carte Blanche,04/19,12
620.92,4731209850986089,Maestro,09/19,12
800.7,3528631293250329,JCB 16 digit,07/21,12
970.3,869976068496000,JCB 16 digit,09/24,12
680.39,340897882605262,JCB 16 digit,11/18,12
1120.08,4175374103808,Discover,08/22,12
1120.2,6011422004140109,VISA 16 digit,11/21,12
1080.04,869909918305634,Diners Club / Carte Blanche,05/26,12
910.9,869977858593816,Discover,06/22,12
800.68,3528022899090477,VISA 16 digit,05/22,12
620.37,210025152225416,Discover,12/18,12
620.78,210076579119625,Diners Club / Carte Blanche,05/19,12
880.62,374435478780824,American Express,03/19,1
1170.9,4236742034701701,Diners Club / Carte Blanche,08/24,12
840.66,6011907063692750,Diners Club / Carte Blanche,11/21,12
600.33,869905537250508,American Express,10/18,12
940.76,869990654185950,Voyager,02/20,1
760.86,378371297247214,Diners Club / Carte Blanche,02/18,12
1050.65,30030826108046,Mastercard,10/19,12
1170.66,4997559769478381,Mastercard,05/18,12
610.34,869993872513490,VISA 16 digit,05/18,12
1090.87,4802918566458704,JCB 16 digit,07/19,12
1150.16,4449125860753348,Voyager,08/21,1
1100.67,5185080026141075,Diners Club / Carte Blanche,02/21,12
830.9,4201474594553,Voyager,12/20,1
1070.39,3337768285813036,JCB 15 digit,04/23,12
1190.76,30023481818975,Diners Club / Carte Blanche,06/21,12
740.11,561253654942,JCB 16 digit,06/20,1
610.09,6011526613567153,Maestro,06/22,1
840.9,4175425178769691,Voyager,11/19,12
980.3,4137652653920104,VISA 13 digit,08/26,12
830.47,3337650595378670,Maestro,02/26,1
700.88,5522277938182088,VISA 16 digit,09/18,12
730.74,3112334075146458,Mastercard,02/25,1
880.38,561233457945,Diners Club / Carte Blanche,12/19,12
690.15,30070968460474,Maestro,05/22,12
1140.74,30465324987964,VISA 16 digit,12/21,12
970.66,180020618029953,Mastercard,06/20,12
1000.02,5395483954642005,Diners Club / Carte Blanche,06/20,12
650.06,30440992798266,American Express,05/19,12
1020.4,210016737609869,VISA 16 digit,01/19,12
1110.3,341270527311457,Voyager,05/19,12
1120.71,4255385535610512,Diners Club / Carte Blanche,05/19,12
610.59,589373840430,Maestro,10/26,12
1110.77,373898258469309,Maestro,10/26,12
700.23,4516116852047540,Mastercard,04/18,12
1200.65,869987406790871,JCB 16 digit,06/20,12
970.38,4504576972043,Discover,08/18,12
620.59,374176395585652,Mastercard,02/20,12
640.21,344174596583482,Voyager,07/19,12
1080.5,639027407829,VISA 16 digit,02/19,12
980.92,4252849671759899,VISA 16 digit,04/21,12
820.3,372409983857395,Maestro,01/22,12
690.68,180098887195424,VISA 16 digit,02/23,1
1030.74,4173424956457,JCB 16 digit,05/18,1
890.92,676385809055,Diners Club / Carte Blanche,12/25,12
940.01,4706134046596850,Mastercard,09/21,1
770.25,4493077117482,Voyager,05/20,1
680.2,4912387257076,JCB 15 digit,03/20,12
1040.69,343709974448989,Mastercard,12/19,12
800.78,4267114716161707,Maestro,02/18,12
1190.38,676283537006,VISA 13 digit,08/19,1
660.86,3088288745883058,American Express,03/20,12
630.44,30300844195394,Maestro,06/18,12
1020.43,869979133934815,VISA 16 digit,11/18,12
640.02,6011793786082838,VISA 16 digit,10/19,12
1040.82,210072622226996,JCB 16 digit,08/22,12
770.89,343710662735018,JCB 16 digit,08/21,1
830.5,4630728453081925,VISA 16 digit,04/22,12
1010.13,589362886006,JCB 15 digit,03/19,12
930.65,371646935548165,Mastercard,12/25,12
950.67,3528344675227945,VISA 16 digit,03/19,12
1070.89,30327397725855,Diners Club / Carte Blanche,09/18,12
1010.25,210081585634294,American Express,06/23,12
710.06,3112143944255337,VISA 16 digit,02/19,12
630.35,4420069448138,Maestro,07/20,12
810.73,3096662935777850,Mastercard,03/25,1
1190.6,4689090821352,Voyager,05/18,12
730.04,30109711033343,American Express,10/18,12
1060.1,503889815729,VISA 16 digit,10/19,1
830.43,869949899986051,Mastercard,07/18,1
830.28,589348987977,VISA 16 digit,07/22,1
660.39,6011104555867443,Diners Club / Carte Blanche,12/20,12
740.79,3112809456015240,VISA 16 digit,09/22,12
660.97,372261898635337,VISA 16 digit,02/18,12
850.83,30105038774718,American Express,06/19,1
630.88,3337467109625003,American Express,03/19,12
690.23,4342576879128,VISA 16 digit,12/24,12
1000.56,30457159583430,JCB 16 digit,11/21,1
610.31,4898868885576477,JCB 16 digit,09/23,12
880.59,869990568932984,VISA 16 digit,02/21,1
710.85,869992750844092,Diners Club / Carte Blanche,08/22,12
1140.29,4100767552037629,Diners Club / Carte Blanche,05/21,12
1200.43,5533553876507289,Discover,03/22,12
1150.67,869964279608670,JCB 16 digit,11/19,12
1110.5,3088732035817193,VISA 16 digit,09/21,12
920.45,5156652883551987,Voyager,02/19,12
980.46,4126618799488358,Voyager,12/21,12
920.6,4468765806893,American Express,06/23,12
660.93,6011062015261963,VISA 13 digit,06/18,12
940.15,4002140795013618,Discover,07/20,12
1170.86,4478865709255666,VISA 13 digit,12/18,12
840.93,180049189694572,Discover,08/19,12
1150.8,869902619485342,American Express,08/22,12
1130.53,378343107419895,VISA 16 digit,07/24,12
740.15,30191329333596,VISA 13 digit,05/19,12
920.7,503847985572,JCB 16 digit,11/23,12
1110.21,180074778843588,VISA 16 digit,08/18,12
980.79,3112297830198587,VISA 16 digit,05/19,12
930.2,3528640042618298,JCB 16 digit,02/20,12
1170.53,3112187719108213,American Express,04/23,12
630.28,210025767847174,American Express,05/19,12
1150.27,4758785269837,Voyager,10/18,1
870.02,30232380748882,Maestro,03/18,12
760.32,348002542276917,American Express,05/18,12
1150.19,4916107567778152,JCB 16 digit,01/21,1
980.63,4454556760522700,JCB 16 digit,11/18,12
1130.51,5109595980621575,JCB 15 digit,02/19,1
1010.32,4656789109242898,VISA 16 digit,06/18,12
1150.49,346135904446264,JCB 16 digit,02/20,12
770.41,180015126831395,Discover,11/18,12
910.4,5594129184249553,VISA 16 digit,03/19,12
800.63,6011811617230291,Discover,05/18,1
1190.69,180074848448327,JCB 15 digit,12/22,1
840.79,4688342458936298,Discover,05/19,12
770.94,869923315893597,VISA 16 digit,04/23,12
650.66,3096390470917778,JCB 16 digit,04/22,12
670.75,374120514562473,American Express,12/20,12
1180.68,4208338706588,Maestro,11/21,12
830.69,3096567819382364,JCB 16 digit,12/18,12
990.68,30320619329341,Discover,01/21,12
820.81,502020771858,Voyager,06/21,12
1120.42,6011622416441785,Mastercard,08/21,12
950.36,4217648770196985,VISA 16 digit,02/22,12
770.25,377788840962745,VISA 13 digit,11/18,12
1160.97,502026031588,Discover,01/21,12
1000.46,373880903368169,Mastercard,06/18,1
670.83,180019694164635,American Express,04/20,12
1200.61,869927119145666,VISA 13 digit,11/24,12
880.27,5398375918913133,JCB 16 digit,04/19,1
610.57,210096779227622,American Express,05/22,12
